<ImportExportXml version="9.2.23013.194" SolutionPackageVersion="9.2" languagecode="1033" generatedBy="CrmLive" xmlns:xsi="http://www.w3.org/2001/XMLSchema-instance">
  <SolutionManifest>
    <UniqueName>SwissAddressMatcher</UniqueName>
    <LocalizedNames>
      <LocalizedName description="SwissAddressMatcher" languagecode="1033" />
    </LocalizedNames>
    <Descriptions />
    <Version>0.1</Version>
    <Managed>1</Managed>
    <Publisher>
      <UniqueName>matengineering</UniqueName>
      <LocalizedNames>
        <LocalizedName description="mat engineering" languagecode="1033" />
      </LocalizedNames>
      <Descriptions />
      <EMailAddress xsi:nil="true"></EMailAddress>
      <SupportingWebsiteUrl xsi:nil="true"></SupportingWebsiteUrl>
      <CustomizationPrefix>mat</CustomizationPrefix>
      <CustomizationOptionValuePrefix>80960</CustomizationOptionValuePrefix>
      <Addresses>
        <Address>
          <AddressNumber>1</AddressNumber>
          <AddressTypeCode>1</AddressTypeCode>
          <City xsi:nil="true"></City>
          <County xsi:nil="true"></County>
          <Country xsi:nil="true"></Country>
          <Fax xsi:nil="true"></Fax>
          <FreightTermsCode xsi:nil="true"></FreightTermsCode>
          <ImportSequenceNumber xsi:nil="true"></ImportSequenceNumber>
          <Latitude xsi:nil="true"></Latitude>
          <Line1 xsi:nil="true"></Line1>
          <Line2 xsi:nil="true"></Line2>
          <Line3 xsi:nil="true"></Line3>
          <Longitude xsi:nil="true"></Longitude>
          <Name xsi:nil="true"></Name>
          <PostalCode xsi:nil="true"></PostalCode>
          <PostOfficeBox xsi:nil="true"></PostOfficeBox>
          <PrimaryContactName xsi:nil="true"></PrimaryContactName>
          <ShippingMethodCode>1</ShippingMethodCode>
          <StateOrProvince xsi:nil="true"></StateOrProvince>
          <Telephone1 xsi:nil="true"></Telephone1>
          <Telephone2 xsi:nil="true"></Telephone2>
          <Telephone3 xsi:nil="true"></Telephone3>
          <TimeZoneRuleVersionNumber xsi:nil="true"></TimeZoneRuleVersionNumber>
          <UPSZone xsi:nil="true"></UPSZone>
          <UTCOffset xsi:nil="true"></UTCOffset>
          <UTCConversionTimeZoneCode xsi:nil="true"></UTCConversionTimeZoneCode>
        </Address>
        <Address>
          <AddressNumber>2</AddressNumber>
          <AddressTypeCode>1</AddressTypeCode>
          <City xsi:nil="true"></City>
          <County xsi:nil="true"></County>
          <Country xsi:nil="true"></Country>
          <Fax xsi:nil="true"></Fax>
          <FreightTermsCode xsi:nil="true"></FreightTermsCode>
          <ImportSequenceNumber xsi:nil="true"></ImportSequenceNumber>
          <Latitude xsi:nil="true"></Latitude>
          <Line1 xsi:nil="true"></Line1>
          <Line2 xsi:nil="true"></Line2>
          <Line3 xsi:nil="true"></Line3>
          <Longitude xsi:nil="true"></Longitude>
          <Name xsi:nil="true"></Name>
          <PostalCode xsi:nil="true"></PostalCode>
          <PostOfficeBox xsi:nil="true"></PostOfficeBox>
          <PrimaryContactName xsi:nil="true"></PrimaryContactName>
          <ShippingMethodCode>1</ShippingMethodCode>
          <StateOrProvince xsi:nil="true"></StateOrProvince>
          <Telephone1 xsi:nil="true"></Telephone1>
          <Telephone2 xsi:nil="true"></Telephone2>
          <Telephone3 xsi:nil="true"></Telephone3>
          <TimeZoneRuleVersionNumber xsi:nil="true"></TimeZoneRuleVersionNumber>
          <UPSZone xsi:nil="true"></UPSZone>
          <UTCOffset xsi:nil="true"></UTCOffset>
          <UTCConversionTimeZoneCode xsi:nil="true"></UTCConversionTimeZoneCode>
        </Address>
      </Addresses>
    </Publisher>
    <RootComponents>
      <RootComponent type="1" schemaName="account" behavior="2" />
      <RootComponent type="1" schemaName="contact" behavior="2" />
      <RootComponent type="1" schemaName="mat_config" behavior="0" />
      <RootComponent type="1" schemaName="mat_geb" behavior="0" />
      <RootComponent type="1" schemaName="mat_plz" behavior="0" />
      <RootComponent type="1" schemaName="mat_str" behavior="0" />
      <RootComponent type="61" schemaName="mat_/251.chunk.js" behavior="0" />
      <RootComponent type="61" schemaName="mat_/359.chunk.js" behavior="0" />
      <RootComponent type="61" schemaName="mat_/555.chunk.js" behavior="0" />
      <RootComponent type="61" schemaName="mat_/831.chunk.js" behavior="0" />
      <RootComponent type="61" schemaName="mat_/835.chunk.js" behavior="0" />
      <RootComponent type="61" schemaName="mat_/address.ribbon.js" behavior="0" />
      <RootComponent type="61" schemaName="mat_/index.html" behavior="0" />
      <RootComponent type="61" schemaName="mat_/main.js" behavior="0" />
      <RootComponent type="61" schemaName="mat_/map-pin.svg" behavior="0" />
      <RootComponent type="91" id="{252ddb03-ed1f-4001-8c86-c61dfb8f1f20}" schemaName="Mat.Plugins, Version=1.0.0.0, Culture=neutral, PublicKeyToken=71446a6a9ae6a79e" behavior="0" />
      <RootComponent type="92" id="{163f2025-5589-e711-80ef-3863bb358f88}" behavior="0" />
    </RootComponents>
    <MissingDependencies />
  </SolutionManifest>
</ImportExportXml>